Peter,Schmidt,pschmidt0@aboutads.info,28
Christina,Hart,chart1@dropbox.com,29
Janet,Warren,jwarren2@hc360.com,21
Pamela,Smith,psmith3@nps.gov,21
Victor,Watkins,vwatkins4@newsvine.com,29
Mildred,Larson,mlarson5@exblog.jp,20
Eric,Thompson,ethompson6@buzzfeed.com,28
Phyllis,Vasquez,pvasquez7@blogspot.com,28
Alan,Gutierrez,agutierrez8@about.me,26
Louis,Lopez,llopez9@ning.com,22
Elizabeth,Myers,emyersa@bigcartel.com,29
Emily,Phillips,ephillipsb@1688.com,29
Dorothy,Holmes,dholmesc@redcross.org,24
ankit,shrivastav,as@gmail.com,26